activo,retorno,volatilidad,sharpe,max_drawdown
AAPL,0.2218616957987802,0.25216162867543057,0.7212108232092012,-0.3006923858618724
MSFT,0.14932337955884467,0.23616752905009636,0.4629060565546873,-0.26545921325780597
GOOGL,-0.0714898786343331,0.2823321926448019,-0.39488900500481333,-0.5165874489524519
AMZN,0.04856288285155119,0.31786854373684253,0.026938440497717958,-0.4159601365626347
SPY,0.056171206808970135,0.15169693719955404,0.10660206532513745,-0.20530288928252496
